Correlation,full_sample,matched_subsample,unmatched_own_phone,unmatched_no_phone
Ultra-poor <-> Asset Index,0.008191462506975375,-0.012952926622254482,0.020699220649094418,-0.0103147807409498
Ultra-poor <-> Consumption,-0.004709676318891108,-0.0052155299069443425,0.010686940445548299,-0.04574966143416856
Asset Index <-> Consumption,-0.030658887722352555,-0.14075888035507758,-0.017820293316768196,0.022078221101655766
